,Unnamed: 0,Unnamed: 0.1,Unnamed: 0.1.1,Unnamed: 0.1.1.1,German,English
0,0,0,0,0,Ich,I
1,1,1,1,1,ist,is
2,2,2,2,2,ich,I
3,3,3,3,3,nicht,Not
4,4,4,4,4,Sie,you
5,5,5,5,5,du,you
6,6,6,6,6,das,the
7,7,7,7,7,die,the
8,8,8,8,8,es,it
9,9,9,9,9,und,and
10,10,10,10,10,der,the
11,11,11,11,11,zu,to
12,12,12,12,12,sie,you
13,13,13,13,13,Das,The
14,14,14,14,14,ein,a
15,15,15,15,15,in,in
16,16,16,16,16,wir,we
17,17,17,17,17,Du,You
18,18,18,18,18,mir,me
19,19,19,19,19,mit,With
20,20,20,20,20,Was,What
21,21,21,21,21,den,the
22,22,22,22,22,mich,me
23,23,23,23,23,was,What
24,24,24,24,24,auf,on
25,25,25,25,25,dass,that
26,26,26,26,26,er,he
27,27,27,27,27,eine,a
28,28,28,28,28,Es,It
29,29,29,29,29,hat,Has
30,30,30,30,30,Wir,We
31,31,31,31,31,Und,And
32,32,32,32,32,so,so
33,33,33,33,33,sind,are
34,34,34,34,34,von,of
35,35,35,35,35,dich,you
36,36,36,36,36,war,was
37,37,37,37,37,haben,to have
38,38,38,38,38,für,For
39,39,39,39,39,Ja,Yes
40,40,40,40,40,hier,here
41,41,41,41,41,an,at
42,42,42,42,42,habe,have
43,43,43,43,43,Er,He
44,44,44,44,44,bin,am
45,45,45,45,45,wie,how
46,46,46,46,46,noch,still
47,47,47,47,47,dir,to you
48,48,48,48,48,uns,us
49,49,49,49,49,sich,yourself
50,50,50,50,50,Die,The
51,51,51,51,51,nur,just
52,52,52,52,52,einen,one
53,53,53,53,53,Nein,No
54,54,54,54,54,dem,the
55,55,55,55,55,ihn,him
56,56,56,56,56,auch,also
57,57,57,57,57,hast,has
58,58,58,58,58,sein,be
59,59,59,59,59,ihr,you
60,60,60,60,60,da,there
61,61,61,61,61,aus,out
62,62,62,62,62,kann,can
63,63,63,63,63,aber,but
64,64,64,64,64,Aber,But
65,65,65,65,65,schon,beautiful
66,66,66,66,66,wenn,if
67,67,67,67,67,wird,becomes
68,68,68,68,68,um,around
69,69,69,69,69,Wie,How
70,70,70,70,70,als,as
71,71,71,71,71,bist,are
72,72,72,72,72,im,in the
73,73,73,73,73,mal,times
74,74,74,74,74,doch,but
75,75,75,75,75,gut,Well
76,76,76,76,76,meine,my
77,77,77,77,77,jetzt,now
78,78,78,78,78,weiß,White
79,79,79,79,79,Wenn,If
80,80,80,80,80,werden,become
81,81,81,81,81,Der,The
82,82,82,82,82,nach,to
83,83,83,83,83,ja,Yes
84,84,84,84,84,Oh,Oh
85,85,85,85,85,oder,or
86,86,86,86,86,dann,then
87,87,87,87,87,will,want
88,88,88,88,88,mein,my
89,89,89,89,89,mehr,more
90,90,90,90,90,keine,no
91,91,91,91,91,etwas,something
92,92,92,92,92,alles,everything
93,93,93,93,93,muss,got to
94,94,94,94,94,immer,always
95,95,95,95,95,nichts,Nothing
96,96,96,96,96,man,you
97,97,97,97,97,wieder,again
98,98,98,99,99,hab,hab
99,99,99,100,100,machen,do
100,100,100,101,101,vor,in front
101,101,101,102,102,Mann,man
102,102,102,103,103,ihm,him
103,103,103,104,104,einem,one
104,104,104,105,105,tun,to do
105,105,105,106,106,zum,to the
106,106,106,107,107,können,can
107,108,108,109,109,werde,will
108,109,109,110,110,denn,because
109,110,110,111,111,Ist,is
110,111,111,112,112,Ein,A
111,112,112,113,113,Warum,Why
112,113,113,114,114,einer,one
113,114,114,115,115,gehen,walk
114,115,115,116,116,sehen,see
115,116,116,117,117,sehr,very
116,117,117,118,118,geht,going
117,118,118,119,119,alle,all
118,119,119,120,120,über,above
119,120,120,121,121,müssen,have to
120,122,122,123,123,einfach,easy
121,123,123,124,124,euch,to you
122,124,124,125,125,des,of
123,125,125,126,126,nie,never
124,126,126,127,127,Also,So
125,127,127,128,128,Wo,Where
126,128,128,129,129,los,Come on
127,129,129,130,130,Zeit,time
128,130,130,131,131,Ihnen,them
129,131,131,132,132,gibt,gives
130,132,132,133,133,wirklich,really
131,133,133,134,134,Hey,Hey
132,134,134,135,135,Danke,thanks
133,135,135,136,136,deine,yours
134,136,136,137,137,würde,would
135,137,137,138,138,soll,should
136,138,138,139,139,Da,There
137,139,139,140,140,hatte,would have
138,140,140,141,141,Hier,Here
139,141,141,142,142,wissen,knowledge
140,142,142,143,143,bitte,You're welcome
141,143,143,144,144,viel,much
142,144,144,145,145,Dann,Then
143,145,145,146,146,So,So
144,146,146,147,147,gesagt,told
145,147,147,148,148,Ihr,your
146,148,148,149,149,am,at the
147,149,149,150,150,kein,no
148,150,150,151,151,Komm,come over
149,151,151,152,152,Wer,who
150,152,152,153,153,zurück,back
151,153,153,154,154,wurde,has been
152,154,154,155,155,In,In
153,155,155,156,156,wollte,wanted
154,156,156,157,157,Frau,Mrs
155,157,157,158,158,Leben,Life
156,158,158,159,159,wäre,would
157,159,159,160,160,wo,Where
158,160,160,161,161,damit,in order to
159,161,161,162,162,Nicht,Not
160,162,162,163,163,Gott,God
161,163,163,164,164,Leute,People
162,164,164,165,165,kannst,can
163,165,165,166,166,heute,today
164,166,166,167,167,meinen,mean
165,167,167,168,168,dieser,this
166,168,168,169,169,dein,your
167,169,169,170,171,kommen,come
168,170,170,171,172,willst,want
169,171,171,172,173,Na,N / A
170,172,172,173,174,wollen,want
171,173,173,174,175,sicher,for sure
172,174,174,175,176,ganz,all
173,175,175,176,177,Jetzt,Now
174,176,176,177,178,Mein,My
175,177,177,178,179,Mr,mr
176,178,178,179,180,also,so
177,180,180,181,182,Hast,Has
178,181,181,182,183,Gut,Well
179,182,182,183,184,hätte,would have
180,183,183,184,185,weil,because
181,184,184,185,186,tut,does
182,185,185,186,187,Hallo,Hello
183,186,186,187,188,Okay,OK
184,187,187,188,189,macht,makes
185,188,188,189,190,waren,were
186,189,189,190,191,bis,to
187,190,190,191,192,Vielleicht,Maybe
188,191,191,192,193,könnte,could
189,192,192,193,194,Eine,A
190,193,193,194,195,Bitte,You're welcome
191,194,194,195,196,weg,path
192,195,195,196,197,seine,his
193,196,196,197,198,lassen,to let
194,197,197,198,199,Vater,father
195,198,198,199,200,gesehen,seen
196,199,199,200,201,Nun,Now
197,200,200,201,202,gerade,just
198,201,201,202,203,Alles,Everything
199,202,202,203,204,glaube,faith
200,203,203,204,205,Tag,Day
201,204,204,205,206,ab,from
202,205,205,206,207,Geld,money
203,206,206,207,208,gemacht,made
204,207,207,208,209,nein,No
205,208,208,209,210,Sir,Sir
206,209,209,210,211,sollte,should
207,210,210,211,212,sagte,said
208,212,212,213,214,durch,by
209,213,213,214,215,zwei,two
210,214,214,215,216,diesen,this
211,215,215,216,217,passiert,happens
212,216,216,217,218,wohl,well
213,217,217,218,219,vielleicht,maybe
214,218,218,219,220,ihre,your
215,219,219,220,221,Mutter,mother
216,220,220,221,222,reden,talk
217,221,221,222,223,anderen,other
218,222,222,223,224,dachte,thought
219,223,223,224,225,daß,that
220,224,224,225,226,möchte,would like to
221,225,225,226,227,wirst,will
222,226,226,227,228,gehört,belongs
223,227,227,228,229,weißt,know
224,228,228,229,230,Keine,No
225,229,229,230,231,raus,Out
226,230,230,231,232,Meine,My
227,231,231,232,233,paar,pair
228,232,232,233,234,besser,better
229,233,233,234,235,ob,if
230,234,234,235,236,her,here
231,235,235,236,237,musst,must
232,236,236,237,238,Ordnung,order
233,237,237,239,240,klar,clear
234,238,238,240,241,ihnen,them
235,239,239,241,242,Los,Come on
236,240,240,242,243,diesem,this
237,241,241,243,244,meinem,my
238,242,242,244,245,lange,Long
239,243,243,245,246,Lass,let
240,244,244,246,247,dieses,this
241,245,245,247,248,helfen,help
242,246,246,248,249,unsere,our
243,247,247,249,250,Weg,path
244,248,248,250,251,selbst,self
245,249,249,251,252,Nur,Just
246,250,250,252,253,finden,Find
247,251,251,253,254,Mal,Times
248,252,252,254,255,jemand,someone
249,253,253,255,256,denke,think
250,254,254,256,257,Ach,Oh
251,255,255,257,258,Nacht,night
252,256,256,258,259,genau,exactly
253,257,257,259,260,gar,at all
254,258,258,260,261,sagt,says
255,259,259,261,262,Welt,world
256,260,260,262,263,Auf,On
257,261,261,263,264,Mädchen,girl
258,262,262,264,265,ins,in the
259,263,263,265,266,hin,down
260,264,264,266,267,vom,from
261,265,265,267,268,schön,beautiful
262,266,266,268,270,weiter,further
263,267,267,269,271,Leid,suffering
264,268,268,270,272,gleich,equal
265,269,269,271,273,wer,who
266,270,270,272,274,Man,you
267,271,271,273,275,ohne,without
268,272,272,274,276,Menschen,People
269,273,273,275,277,deinen,your
270,274,274,276,278,leid,suffering
271,275,275,277,279,Wieso,How so
272,276,276,278,280,dort,There
273,277,277,279,281,Als,As
274,278,278,280,282,Hause,home
275,279,279,281,283,sollten,should
276,280,280,282,284,davon,from that
277,281,281,283,285,zusammen,together
278,282,282,284,286,geben,give
279,283,283,285,287,Ok,OK
280,284,284,286,288,Hör,Listen
281,285,285,287,289,machst,doing
282,286,286,288,290,Freund,friend
283,287,287,289,291,richtig,correct
284,288,288,290,292,Angst,anxiety
285,289,289,291,293,Bist,are
286,290,290,292,294,Tut,does
287,291,291,293,295,Mit,With
288,292,292,294,296,viele,lots
289,293,293,295,297,sieht,looks
290,294,294,296,298,Haus,House
291,295,295,297,299,tot,dead
292,296,296,298,300,sollen,should
293,297,297,299,301,ganze,whole
294,298,298,300,302,andere,other
295,299,299,301,303,getan,done
296,300,300,302,304,okay,OK
297,301,301,303,305,rein,purely
298,302,302,304,306,Diese,These
299,303,303,305,307,Moment,moment
300,304,304,306,308,bleiben,stay
301,305,305,307,309,brauchen,need
302,306,306,308,310,Weil,Because
303,307,307,309,311,Kinder,children
304,308,308,310,312,unter,under
305,309,309,311,313,Arbeit,job
306,310,310,312,314,Für,For
307,311,311,313,315,Problem,problem
308,312,312,314,316,dafür,for this
309,313,313,315,317,Herr,Mr
310,314,314,316,318,Haben,To have
311,315,315,317,319,wegen,because of
312,316,316,318,320,geht's,it's
313,317,317,319,321,liebe,love
314,318,318,320,322,genug,enough
315,319,319,321,323,dabei,there
316,320,320,322,324,bringen,bring
317,321,321,323,325,Ihre,Your
318,322,322,324,326,ne,ne
319,323,323,325,327,gegen,against
320,324,324,326,328,Weißt,know
321,325,325,327,329,Sag,say
322,326,326,328,330,schnell,fast
323,327,327,329,331,nun,now
324,328,328,330,332,eines,one
325,329,329,331,333,brauche,need
326,330,330,332,334,Abend,Eve
327,331,331,333,335,hatten,had
328,332,332,334,336,Jahre,years
329,333,333,335,337,Mach,Mach
330,334,334,336,338,Bruder,Brothers
331,335,335,337,339,Sache,Thing
332,336,336,338,340,hören,Listen
333,337,337,339,341,komm,come over
334,338,338,340,342,Sohn,son
335,339,339,341,343,seit,since
336,340,340,342,344,Morgen,tomorrow
337,341,341,343,345,drei,three
338,342,342,344,346,steht,stands
339,343,343,345,347,Scheiße,crap
340,344,344,346,348,mag,like
341,345,345,347,349,sei,be
342,346,346,348,350,unser,our
343,347,347,349,351,konnte,could
344,348,348,350,352,habt,have
345,349,349,351,353,Oder,Or
346,350,350,352,354,einmal,once
347,351,351,353,355,heißt,called
348,352,352,354,356,OK,OK
349,353,353,355,357,Willst,Want
350,354,354,356,358,Kopf,head
351,355,355,357,359,Hilfe,Help
352,356,356,358,360,Familie,family
353,357,357,359,361,Geh,go
354,358,358,360,362,Baby,infant
355,359,359,361,363,Dich,You
356,360,360,362,364,Sind,are
357,361,361,363,365,erst,first
358,362,362,364,366,fertig,finished
359,363,363,365,367,gefunden,found
360,364,364,366,368,seid,are
361,365,365,367,369,kam,came
362,366,366,368,370,nehmen,to take
363,367,367,369,371,morgen,tomorrow
364,368,368,370,372,sprechen,speak
365,369,369,371,373,Mir,Me
366,370,370,372,374,sofort,right away
367,371,371,373,375,Kann,can
368,372,372,374,376,Hat,Has
369,373,373,375,377,Jahren,years
370,374,374,376,378,Kind,child
371,375,375,377,379,seinen,his
372,376,376,378,380,Genau,Exactly
373,377,377,379,381,daran,it
374,379,379,381,383,Minuten,minutes
375,380,380,382,384,bevor,before
376,381,381,383,385,Stadt,city
377,382,382,384,386,beim,at the
378,383,383,385,387,sterben,to die
379,384,384,386,388,warst,were
380,385,385,387,389,Recht,Law
381,386,386,388,390,glauben,believe
382,387,387,389,391,Warte,Wait
383,388,388,390,392,darüber,about that
384,389,389,391,393,deiner,yours
385,390,390,392,394,deinem,your
386,391,391,393,395,Ende,end
387,392,392,394,396,He,He
388,393,393,395,397,Dinge,things
389,394,394,396,398,Namen,names
390,395,395,397,399,wahr,true
391,396,396,398,400,Alle,All
392,397,397,399,401,allein,alone
393,398,398,400,402,Natürlich,Naturally
394,399,399,401,403,töten,kill
395,400,400,402,404,Nichts,Nothing
396,401,401,403,405,Wirklich,Really
397,402,402,404,406,bekommen,to get
398,403,403,405,407,Männer,Men
399,404,404,406,408,vergessen,to forget
400,405,405,407,409,Doch,But
401,406,406,408,410,dazu,to
402,407,407,409,411,gab,gave
403,408,408,410,412,später,later
404,409,409,411,413,wusste,knew
405,410,410,412,414,Augen,eyes
406,411,411,413,415,Dank,thanks
407,412,412,414,416,Freunde,friends
408,413,413,415,417,Jungs,guys
409,414,414,416,418,halten,hold
410,415,416,418,420,Glück,luck
411,416,417,419,421,beide,both
412,417,418,420,422,gute,quality
413,418,419,421,423,Dein,Your
414,419,420,422,424,kennen,know
415,420,421,423,425,Deine,Yours
416,421,422,424,426,n,n
417,422,423,425,427,Hi,Hi
418,423,424,426,428,Dr,Dr
419,424,425,427,429,Auto,automobile
420,425,426,428,430,sage,legend
421,426,427,429,431,gehe,go
422,427,428,430,432,komme,get
423,428,429,431,433,Dir,to you
424,429,430,432,434,mache,make
425,430,431,433,435,Von,Of
426,431,432,434,436,Uhr,Clock
427,432,433,435,437,sehe,see
428,433,434,436,438,Teufel,devil
429,434,435,437,439,sonst,otherwise
430,435,436,438,440,Art,kind
431,436,437,439,441,gern,gladly
432,437,438,440,442,Liebe,love
433,438,439,441,443,jeden,each
434,439,440,442,444,könnten,could
435,440,441,443,445,ihren,their
436,441,442,444,446,Halt,Stop
437,442,443,445,447,Fall,case
438,443,444,446,448,Dad,Dad
439,444,445,447,449,Film,Movie
440,445,446,448,450,bisschen,little
441,446,447,449,451,eigentlich,actually
442,447,448,450,452,weit,far
443,448,449,451,453,mach,mach
444,449,450,452,454,Gib,Give
445,450,451,453,455,vorbei,past
446,451,452,454,456,verstehe,understand
447,452,453,455,457,danke,thanks
448,453,454,456,458,drin,in it
449,454,455,457,459,Im,in the
450,455,456,458,460,Name,Surname
451,456,457,459,461,ganzen,all
452,458,459,461,463,würden,would
453,459,460,462,464,Tür,door
454,460,461,463,465,verrückt,crazy
455,461,462,464,466,solltest,should
456,462,463,465,467,denken,think
457,463,464,466,468,Noch,Still
458,464,465,467,469,dran,tuned
459,465,466,468,470,Sieh,Look
460,466,467,469,471,lieber,rather
461,467,468,470,472,Den,The
462,468,469,471,473,leben,Life
463,469,470,472,474,Guten,good
464,470,471,473,475,Um,Around
465,471,472,474,476,darauf,thereon
466,472,473,475,477,Kein,No
467,473,474,476,478,stimmt,Right
468,474,475,477,479,Kerl,Guy
469,475,476,478,480,letzte,latest
470,476,478,480,482,verloren,lost
471,477,479,481,483,wurden,were
472,478,480,482,484,kenne,know
473,479,481,483,485,Ahnung,idea
474,480,482,484,486,seiner,his
475,481,483,485,487,Grund,reason
476,482,484,486,488,toll,Great
477,483,485,487,489,Bis,To
478,484,486,488,490,Verdammt,Damn it
479,485,487,489,491,bald,soon
480,486,488,490,492,bereit,ready
481,487,489,491,493,all,Alles
482,488,490,492,494,jemanden,someone
483,489,491,493,495,hinter,Behind
484,490,492,494,496,Schon,Nice
485,491,493,495,498,Hand,hand
486,492,494,496,499,darf,may
487,493,495,497,500,Dieser,This
488,494,496,498,501,Frauen,women
489,495,497,499,502,Euch,To you
490,496,498,500,503,Idee,idea
491,497,499,501,504,runter,down
492,498,500,502,505,Macht,Makes
493,499,501,503,506,draußen,outside
494,500,502,504,507,lang,long
495,501,503,506,509,lass,let
496,502,504,507,510,Typ,Type
497,503,505,508,511,hätten,had
498,504,506,509,512,egal,no matter
499,505,507,510,513,arbeiten,work
500,506,508,511,514,spät,late
501,507,509,512,515,stehen,stand
502,508,510,513,516,ok,OK
503,509,511,514,517,Gute,Quality
504,510,512,515,518,gekommen,came
505,511,513,516,519,Bei,at
506,512,514,517,520,etwa,about
507,513,515,518,521,essen,eat
508,514,516,519,522,kleine,small
509,515,517,520,523,jeder,everyone
510,516,518,521,524,Schwester,sister
511,517,519,522,525,Wasser,water
512,518,520,523,526,spielen,play
513,519,521,524,527,Geschichte,history
514,520,522,525,528,seinem,his
515,521,523,526,529,liegt,lies
516,522,524,527,530,sah,saw
517,523,525,528,531,Mom,Mom
518,524,526,529,532,Seite,page
519,525,527,530,533,wenig,little
520,526,528,531,534,ruhig,calm
521,527,529,532,535,Frage,question
522,528,530,533,536,meinst,mean
523,529,531,534,537,überhaupt,at all
524,530,532,535,538,fahren,drive
525,531,533,536,539,Ganz,All
526,532,534,537,540,Gehen,Walk
527,533,535,538,541,Essen,eat
528,534,536,539,542,Ruhe,Quiet
529,535,537,540,543,echt,real
530,536,538,541,544,versucht,tries
531,537,539,542,545,Tochter,daughter
532,538,540,543,546,Kommt,comes
533,539,541,544,547,Einen,a
534,540,542,545,548,ging,went
535,541,543,546,549,Jahr,year
536,542,544,547,550,fast,nearly
537,543,545,548,551,neue,new
538,544,546,549,552,geh,go
539,545,547,550,553,ziemlich,quite
540,546,548,551,554,anders,different
541,547,550,553,556,Polizei,police
542,548,551,554,557,Stunden,hours
543,549,552,555,558,musste,had to
544,550,553,556,559,Spiel,game
545,551,554,557,560,gewesen,been
546,552,555,558,561,gerne,with pleasure
547,553,556,559,562,finde,find
548,554,557,560,563,erzählt,tells
549,555,558,561,564,Tod,death
550,556,559,562,565,Ort,place
551,557,560,563,566,Chance,chance
552,558,561,564,567,bedeutet,means
553,559,562,565,568,War,was
554,560,563,566,569,sag,say
555,561,564,567,570,sagst,say
556,562,565,568,572,letzten,last
557,563,566,569,573,sogar,even
558,564,567,570,574,ersten,first
559,565,568,571,575,Sachen,stuff
560,566,569,572,576,Wahrheit,truth
561,567,570,573,577,einzige,only one
562,568,571,574,578,kurz,short
563,569,572,575,579,denen,to those
564,570,573,576,580,Kommen,Come
565,571,574,577,581,Spaß,fun
566,572,575,578,582,Nach,To
567,573,576,579,583,oben,above
568,574,577,580,584,Mama,mummy
569,575,578,581,585,schwer,heavy
570,576,580,583,587,je,ever
571,577,581,584,588,eben,just
572,578,582,585,589,Gesicht,face
573,579,583,586,590,bestimmt,certainly
574,580,584,587,591,treffen,to meet
575,581,585,588,592,niemand,nobody
576,582,586,589,593,Woche,week
577,583,587,590,594,Entschuldigung,sorry
578,584,588,591,595,Sorgen,To care
579,585,589,592,596,warte,wait
580,586,590,593,597,natürlich,Naturally
581,587,591,594,598,schlecht,bad
582,588,592,595,599,große,size
583,589,593,596,600,getötet,killed
584,590,594,597,601,verstehen,understand
585,591,595,598,602,hoffe,hope
586,592,596,599,603,Ah,Ah
587,593,597,600,604,Sei,Be
588,594,598,601,605,Zimmer,room
589,595,599,602,606,hoch,high
590,596,600,603,607,unserer,our
591,597,601,604,608,Tage,days
592,598,602,605,609,Teil,part
593,599,603,606,610,Wann,When
594,600,604,607,611,suchen,search
595,601,605,608,612,verlassen,leave
596,602,606,609,613,zeigen,demonstrate
597,603,607,610,614,wollten,wanted to
598,604,608,611,615,lässt,leaves
599,605,609,612,616,Wort,word
600,606,610,613,617,eins,one
601,607,611,614,618,zwischen,between
602,608,612,615,619,Woher,Where from
603,609,613,616,620,Schatz,sweetheart
604,610,614,617,621,Wissen,Knowledge
605,611,615,618,622,versuchen,to attempt
606,612,616,619,623,Können,Can
607,613,617,620,624,Kannst,Can
608,614,618,621,625,nett,kind
609,615,619,622,626,Zu,To
610,616,620,623,627,kriegen,Obtain
611,617,621,624,628,Geht,going
612,618,622,625,629,Arsch,ass
613,619,623,626,630,kleinen,small
614,620,624,627,631,Hab,hab
615,621,625,628,632,weiss,White
616,622,626,629,633,erste,first
617,623,627,630,634,läuft,running
618,624,628,631,635,kommst,coming
619,625,629,632,636,Freundin,girlfriend
620,626,630,633,637,Mensch,human
621,627,631,634,638,beiden,both
622,628,632,635,639,Ding,thing
623,629,633,636,640,niemals,No way
624,630,634,637,641,endlich,at last
625,631,635,638,642,Nimm,take
626,632,636,639,643,muß,got to
627,633,637,640,644,gehst,going
628,634,638,641,645,Heute,today
629,635,639,642,646,denkst,think
630,636,640,643,647,Herz,heart
631,637,641,644,648,Waffe,weapon
632,638,642,645,649,Soll,Should
633,639,643,646,650,tust,do
634,640,644,647,651,Dollar,dollar
635,641,645,648,652,nehme,take
636,642,646,649,653,Schau,show
637,643,647,650,654,holen,to fetch
638,644,648,651,655,oft,often
639,645,649,652,656,drauf,it
640,646,650,653,657,anderes,other
641,647,651,654,658,Niemand,Nobody
642,648,652,655,659,unten,below
643,649,653,656,660,Wagen,dare
644,650,655,658,662,Schön,Nice
645,651,656,659,663,wichtig,important
646,652,657,660,664,Mrs,mrs
647,653,658,661,665,hättest,had
648,654,659,662,666,allen,all
649,655,660,663,667,Miss,Miss
650,656,661,664,668,ihrer,of their
651,657,662,665,669,gedacht,thought
652,658,663,666,670,Nummer,number
653,659,664,667,671,würdest,would
654,660,665,668,672,erzählen,tell
655,661,666,669,673,bleibt,remains
656,662,667,670,674,Auch,Also
657,663,668,671,675,Hände,hands
658,664,669,672,676,Blut,blood
659,665,670,674,678,bloß,just
660,666,671,675,679,recht,Law
661,667,672,676,680,bringt,brings
662,668,673,677,681,Bett,bed
663,669,674,678,682,Lassen,To let
664,670,675,679,683,Eltern,parents
665,672,677,681,685,Schuld,fault
666,673,678,682,686,eure,your
667,674,679,683,687,Plan,plan
668,675,680,684,688,Krieg,war
669,676,681,685,689,neuen,new
670,677,682,686,690,Klar,Clear
671,678,683,687,691,retten,rescue
672,679,684,688,692,guter,goods
673,680,685,689,693,während,while
674,681,686,690,694,ihrem,their
675,682,687,691,695,wären,would
676,683,688,692,696,Fehler,error
677,684,689,693,697,scheint,seems
678,685,690,694,698,Lasst,Leaves
679,686,691,695,699,gegeben,given
680,687,692,696,700,An,At
681,688,693,697,701,hör,hear
682,689,694,698,702,glücklich,happy
683,690,695,699,703,verdammt,damned
684,691,696,700,704,alt,old
685,692,697,701,705,Platz,place
686,693,698,702,706,darum,therefore
687,694,699,703,707,Vielen,a lot of
688,695,700,704,708,falsch,not correct
689,696,701,705,709,unseren,our
690,697,702,706,710,schlafen,sleep
691,698,703,707,711,Sagen,Say
692,699,704,708,712,nächsten,next
693,700,705,709,713,fünf,five
694,701,706,710,714,frei,free
695,702,707,711,715,Sorge,worry
696,703,708,712,716,Vor,In front
697,704,709,713,717,fest,firmly
698,705,710,714,718,bereits,already
699,706,711,715,719,alleine,alone
700,707,712,716,720,Denn,Because
701,708,713,717,721,Zwei,Two
702,709,714,718,722,Fragen,ask
703,710,715,719,723,möglich,possible
704,711,716,720,724,irgendwie,somehow
705,712,717,721,725,Papa,father
706,713,718,722,726,lernen,learn
707,714,719,723,727,gestern,yesterday
708,715,720,724,728,hierher,here
709,716,721,725,729,Schiff,ship
710,717,722,726,730,vier,four
711,718,723,727,731,irgendwas,anything
712,719,724,728,732,Stimmt,Right
713,720,725,729,733,Menge,quantity
714,721,726,730,734,keiner,none
715,722,727,731,735,brauchst,need
716,723,728,732,736,Typen,types
717,724,729,733,737,Dass,That
718,725,730,734,738,Stunde,hour
719,726,731,735,739,Szene,scene
720,727,732,736,740,Hölle,hell
721,728,733,737,741,einige,some
722,729,734,738,742,Deshalb,Therefore
723,730,735,739,743,geworden,become
724,731,736,740,744,Telefon,phone
725,732,737,741,745,Darf,May
726,733,738,742,746,Feuer,Fire
727,734,739,743,747,Wollen,Want
728,735,740,744,748,Bin,am
729,736,741,745,749,Alter,Age
730,737,742,746,750,Captain,Captain
731,738,743,747,751,Aus,Out
732,739,744,748,752,Dieses,This
733,740,745,749,753,Probleme,issues
734,741,746,750,754,Jeder,Everyone
735,742,747,751,755,verstanden,Roger that
736,743,748,752,756,wann,when
737,744,749,753,757,alten,old
738,745,750,754,758,gibt's,there's
739,746,751,755,759,sondern,rather
740,747,752,756,760,guten,good
741,748,753,757,761,zwar,though
742,749,754,758,762,eigenen,own
743,750,755,759,763,New,New
744,751,756,760,764,Körper,body
745,752,757,761,765,hört,hears
746,753,758,762,766,Zum,To the
747,754,759,763,767,gebe,give
748,755,760,764,768,Kumpel,Dude
749,756,761,765,769,Hund,dog
750,757,762,766,770,nochmal,again
751,758,763,767,771,hab's,got it
752,759,764,768,772,früh,early
753,760,765,769,773,Hören,Listen
754,761,766,770,774,trinken,drink
755,762,767,771,775,besten,best
756,763,768,772,776,meines,mine
757,764,769,773,777,schaffen,create
758,765,770,774,778,alte,old
759,766,771,775,779,Luft,air
760,767,772,776,780,Jemand,Someone
761,768,773,777,781,dürfen,allowed to
762,769,774,778,782,Meister,master
763,770,775,779,783,Erde,earth
764,771,776,780,784,Seit,since
765,772,777,781,785,Sicher,For sure
766,773,778,782,786,Hört,hear
767,774,779,783,787,Zukunft,future
768,775,780,784,788,kaum,barely
769,776,781,785,789,funktioniert,is working
770,777,782,786,790,voll,full
771,778,783,787,791,Bleib,Stay
772,779,784,788,792,reicht,enough
773,780,785,789,793,weh,sore
774,781,786,790,794,stellen,put
775,782,787,791,795,Siehst,See
776,783,788,792,796,kleiner,smaller
777,784,789,793,797,großen,huge
778,785,790,794,798,Waffen,weapons
779,786,791,795,799,Büro,office
780,787,792,796,800,Wahl,choice
781,788,793,797,801,verlieren,to lose
782,789,794,798,802,Wochen,weeks
783,790,795,799,803,Damit,In order to
784,791,796,800,804,Stück,piece
785,792,797,801,805,lieben,love
786,793,798,802,806,allem,all
787,794,799,803,807,getroffen,met
788,795,800,804,808,äh,um
789,796,801,805,809,Am,At the
790,797,802,806,810,geschafft,made
791,798,803,807,811,tue,do
792,799,804,808,812,gefallen,like
793,800,805,809,813,Tja,Well
794,801,806,810,814,Boss,boss
795,802,807,811,815,überall,all over
796,803,808,812,816,Sieht,looks
797,804,809,813,817,passieren,happen
798,805,810,814,818,lustig,funny
799,806,811,815,819,Licht,light
800,807,812,816,820,gebracht,brought
801,808,813,817,821,nennen,call
802,809,814,818,822,Folge,episode
803,810,815,819,823,Gefühl,feeling
804,811,816,820,824,völlig,completely
805,812,817,821,825,denkt,thinks
806,813,818,822,826,Schlüssel,key
807,814,819,823,827,drüben,over there
808,815,820,824,828,Richtig,Correct
809,816,821,825,829,wieso,how so
810,817,822,826,830,Leuten,people
811,818,823,827,831,Buch,book
812,819,824,828,832,laufen,to run
813,820,825,829,833,spielt,plays
814,821,826,830,834,früher,earlier
815,822,827,831,835,Sein,Be
816,823,828,832,836,krank,ill
817,824,829,833,837,gegangen,went
818,825,830,834,838,fand,found
819,826,831,835,839,Seine,His
820,827,832,836,840,Pass,passport
821,828,833,837,841,fühle,feel
822,829,834,838,842,Himmel,sky
823,830,835,839,843,froh,glad
824,831,836,840,844,leicht,light
825,832,837,841,845,direkt,directly
826,833,838,842,846,langsam,slowly
827,834,839,843,847,wolltest,wanted
828,835,840,844,848,erinnern,recall
829,836,841,845,849,zuerst,first
830,837,842,846,850,Krankenhaus,hospital
831,838,843,847,851,Viel,Much
832,839,844,848,852,beste,best
833,840,845,849,853,welche,Which
834,841,846,850,854,genommen,took
835,842,847,851,855,Arzt,doctor
836,843,848,852,856,unserem,our
837,844,849,853,857,Idiot,idiot
838,845,850,854,858,Machen,Do
839,846,851,855,859,glaubst,think
840,847,852,856,860,jede,each
841,848,853,857,861,Ohne,Without
842,849,854,858,862,groß,large
843,850,855,859,863,hattest,had
844,851,856,860,864,Äh,um
845,852,857,861,865,Jungen,Boys
846,853,858,862,866,Rest,rest
847,854,859,863,867,Unsere,Our
848,855,860,864,868,versuche,tries
849,856,861,865,869,Tagen,meet
850,857,862,866,870,nächste,next
851,858,863,867,871,Entschuldigen,To apologize
852,859,864,868,872,Doktor,doctor
853,860,865,869,873,spricht,speaks
854,861,866,870,874,könnt,can
855,862,867,871,875,hält,keeps
856,863,868,872,876,Team,team
857,864,869,873,877,Verstanden,Roger that
858,865,870,874,878,kämpfen,fight
859,866,871,875,879,heiraten,marry
860,867,872,876,880,könntest,could
861,868,873,877,881,Wow,Wow
862,869,874,878,882,Etwas,Something
863,870,875,879,883,Straße,road
864,871,876,880,884,Mist,Damn
865,872,877,881,885,König,king
866,873,878,882,886,redest,talking about
867,874,879,883,887,kleines,small
868,875,880,884,888,lebt,lives
869,876,881,885,889,erklären,to explain
870,877,882,886,890,worden,been
871,878,883,887,891,Millionen,millions
872,879,884,888,892,Wiedersehen,meet again
873,880,885,889,893,Onkel,uncle
874,881,886,890,894,kennst,know
875,882,887,891,895,sitzen,to sit
876,883,888,892,896,dies,this
877,884,889,893,897,weniger,Less
878,885,890,894,898,Kaffee,coffee
879,886,891,895,899,ernst,serious
880,887,892,896,900,wollt,want
881,888,893,897,901,tragen,wear
882,889,894,898,902,Zeug,stuff
883,890,895,899,903,trotzdem,Nevertheless
884,891,896,900,904,Ihren,Their
885,892,897,901,905,kaufen,to buy
886,893,898,902,906,Liste,list
887,894,899,903,907,ändern,to change
888,895,900,904,908,Kampf,struggle
889,896,901,905,909,hasse,hate
890,897,902,906,910,Person,person
891,898,903,907,911,Mund,mouth
892,899,904,908,912,umbringen,kill
893,900,905,909,913,Präsident,president
894,901,906,910,914,Boden,ground
895,902,907,911,915,Wohin,Where
896,903,908,912,916,machte,made
897,904,909,913,917,Party,party
898,905,910,914,918,gefragt,asked
899,906,911,915,919,Seht,Look
900,907,912,916,920,irgendwo,somewhere
901,908,913,917,921,kümmern,To take care of
902,909,914,918,922,kennt,knows
903,910,915,919,923,verletzt,injured
904,911,916,920,924,Habt,Have
905,912,917,921,925,Nachricht,message
906,913,918,922,926,Willkommen,welcome
907,914,919,923,927,vielen,a lot of
908,915,920,924,928,hart,hard
909,916,921,925,929,lasse,leave
910,917,922,926,930,total,total
911,918,923,927,931,Gefängnis,jail
912,919,924,928,932,außer,except
913,920,925,929,933,Sicherheit,security
914,921,926,930,934,Schnell,Fast
915,922,927,931,935,wem,whom
916,923,928,932,936,ehrlich,honest
917,924,929,933,937,interessiert,Interested
918,925,930,934,938,Sex,sex
919,926,931,935,939,sagten,said
920,927,932,936,940,ziehen,pull
921,928,933,937,941,Welche,Which
922,929,934,938,942,Unser,Our
923,930,935,939,943,Augenblick,moment
924,931,936,940,944,angerufen,called
925,932,937,941,945,aufhören,stop
926,933,938,942,946,Klasse,class
927,934,939,943,947,Bild,picture
928,935,940,944,948,stark,strongly
929,936,941,945,949,Dies,This
930,937,942,946,950,Eure,Your
931,938,943,947,951,zehn,ten
932,939,944,948,952,Sinn,sense
933,940,945,949,953,vorstellen,to introduce
934,941,946,950,955,länger,longer
935,942,947,951,956,manchmal,sometimes
936,943,948,952,957,anrufen,call
937,944,949,953,958,sechs,six
938,945,950,954,959,Arschloch,asshole
939,946,951,955,960,sollst,shalt
940,948,953,957,962,Tages,day
941,949,954,958,963,war's,was it
942,950,955,959,964,verschwinden,disappear
943,951,956,960,965,Kraft,force
944,952,957,961,966,gesprochen,spoken
945,953,958,962,967,heraus,out
946,954,959,963,968,genauso,just like that
947,955,960,964,969,wärst,'d
948,956,961,965,970,Eins,one
949,957,962,966,971,damals,back then
950,958,963,967,972,heißen,be called
951,959,964,968,973,Liebling,Darling
952,960,965,969,974,wahrscheinlich,probably
953,961,966,970,975,deshalb,therefore
954,962,967,971,976,Stelle,Job
955,963,968,972,977,halt,stop
956,964,969,973,978,erwartet,expected
957,965,970,974,979,solche,such
958,966,971,975,980,meisten,most
959,967,972,976,981,bringe,bring
960,968,973,977,982,still,quiet
961,969,974,978,983,umgebracht,killed
962,970,975,979,984,Stimme,voice
963,971,976,980,985,General,general
964,972,977,981,986,Geben,Give
965,973,978,982,987,Entschuldige,Excuse me
966,974,979,983,988,Vergiss,forget
967,975,980,984,989,rede,speech
968,976,981,985,990,führen,to lead
969,977,982,986,991,Bewegung,Move
970,978,983,987,992,höre,hear
971,979,984,988,993,Sonst,Otherwise
972,980,985,989,994,Geschäft,business
973,981,986,990,995,werdet,will
974,982,987,991,996,konnten,could
975,983,988,992,997,wartet,waiting
976,984,989,993,998,Raus,Out
977,985,990,994,999,anfangen,to begin
978,986,991,995,1000,Habe,Have
979,987,992,996,1001,hinten,behind
980,988,993,997,1002,fällt,falls
981,989,994,998,1003,wen,whom
982,990,995,999,1004,Sekunden,seconds
983,991,996,1000,1005,Manchmal,Sometimes
984,992,997,1001,1006,gerettet,rescued
985,993,998,1002,1007,Naja,Well
986,994,999,1003,1008,Gibt,Gives
987,995,1000,1004,1009,jemals,ever
988,996,1001,1005,1010,Meinung,opinion
989,997,1002,1006,1011,geschehen,done
990,998,1003,1007,1012,Antwort,answer
991,999,1004,1008,1013,schlimm,bad
992,1000,1005,1009,1014,Eigentlich,Actually
993,1001,1006,1010,1015,findet,finds
994,1002,1007,1011,1016,Scheiß,shit
995,1003,1008,1012,1017,gewinnen,win
996,1004,1009,1013,1018,Tu,Tu
997,1005,1010,1014,1019,Gedanken,thoughts
998,1006,1011,1015,1020,erinnere,remember
999,1007,1012,1016,1021,mögen,to like
1000,1008,1013,1017,1022,Herren,Men's
1001,1009,1014,1018,1023,klingt,sounds
1002,1010,1015,1019,1024,vorher,before
1003,1011,1016,1020,1025,Auge,eye
1004,1012,1017,1021,1026,hab',hab '
1005,1013,1018,1022,1027,setzen,put
1006,1014,1019,1023,1028,cool,cool
1007,1015,1020,1024,1029,Anfang,Beginning
1008,1016,1021,1025,1030,Immer,always
1009,1017,1022,1026,1031,danach,after that
1010,1018,1023,1027,1032,Monate,months
1011,1019,1024,1028,1033,Lebens,life
1012,1020,1025,1029,1034,Beste,best
1013,1021,1026,1030,1035,benutzen,to use
1014,1022,1027,1031,1036,Nehmen,To take
1015,1023,1028,1032,1037,fühlen,feel
1016,1024,1029,1033,1038,Ärger,trouble
1017,1025,1030,1034,1039,arbeite,working
1018,1026,1031,1035,1040,Rolle,role
1019,1027,1032,1036,1041,gefährlich,dangerous
1020,1028,1033,1037,1042,Dort,There
1021,1029,1034,1038,1043,gelernt,learned
1022,1030,1035,1039,1044,fallen,fall
1023,1031,1036,1040,1045,böse,angry
1024,1032,1037,1041,1046,werd,expectant
1025,1033,1038,1042,1047,Nähe,neighborhood
1026,1034,1039,1043,1048,geschickt,cleverly
1027,1035,1040,1044,1049,liebt,loves
1028,1036,1041,1045,1050,Tisch,table
1029,1037,1042,1046,1051,Mehr,More
1030,1038,1043,1047,1052,Ziel,aim
1031,1039,1044,1048,1053,Raum,room
1032,1040,1045,1049,1054,jedem,each
1033,1041,1046,1050,1055,fliegen,to fly
1034,1042,1047,1051,1056,Wohnung,flat
1035,1043,1048,1052,1057,Dafür,Therefore
1036,1044,1049,1053,1058,erfahren,Experienced
1037,1045,1050,1054,1059,dumm,stupid
1038,1046,1051,1055,1060,eher,rather
1039,1047,1052,1056,1061,vorsichtig,carefully
1040,1048,1053,1057,1062,herum,around
1041,1049,1054,1058,1063,Klappe,flap
1042,1050,1055,1059,1064,schicken,send
1043,1051,1056,1060,1065,Laden,load
1044,1052,1057,1061,1066,aufs,onto
1045,1053,1058,1062,1067,Wird,Becomes
1046,1054,1059,1063,1068,Warten,Waiting
1047,1055,1060,1064,1069,großer,greater
1048,1056,1061,1065,1070,arbeitet,is working
1049,1057,1062,1066,1071,Euer,Your
1050,1058,1063,1067,1072,Worte,words
1051,1059,1064,1068,1073,richtige,right one
1052,1060,1065,1069,1074,Flugzeug,plane
1053,1061,1066,1070,1075,Firma,company
1054,1062,1067,1071,1076,bezahlen,pay
1055,1063,1068,1072,1077,Einer,one
1056,1064,1069,1073,1078,Glaubst,Do
1057,1065,1070,1074,1079,falls,if
1058,1066,1071,1075,1080,schreiben,write
1059,1067,1072,1076,1081,tat,did
1060,1068,1073,1077,1082,Darum,Therefore
1061,1069,1074,1078,1083,starb,died
1062,1070,1075,1079,1084,Schluss,Enough
1063,1071,1076,1080,1085,Fenster,window
1064,1072,1077,1081,1086,liegen,lie
1065,1073,1078,1082,1087,wär's,bout
1066,1074,1079,1083,1088,Verzeihung,forgiveness
1067,1075,1080,1084,1089,niemanden,anyone
1068,1076,1081,1085,1090,neues,new
1069,1077,1082,1086,1091,Weiß,White
1070,1078,1083,1087,1092,benutzt,used
1071,1079,1084,1088,1093,nen,nen
1072,1080,1085,1089,1094,jedes,each
1073,1081,1086,1090,1095,schätze,wealth
1074,1082,1087,1091,1096,Finger,finger
1075,1083,1088,1092,1097,wert,value
1076,1084,1089,1093,1098,rüber,over
1077,1085,1090,1094,1099,halte,think
1078,1086,1091,1095,1100,Falls,If
1079,1087,1092,1096,1101,besonders,especially
1080,1088,1093,1097,1102,Daddy,Daddy
1081,1089,1094,1098,1103,Witz,joke
1082,1090,1095,1099,1104,nachdem,after this
1083,1091,1096,1100,1105,nimmt,takes
1084,1092,1097,1101,1106,Kontrolle,control
1085,1093,1098,1102,1107,großartig,Great
1086,1094,1099,1103,1108,Herzen,heart
1087,1095,1100,1104,1109,gutes,good
1088,1096,1101,1105,1110,gewonnen,won
1089,1097,1102,1106,1111,Bier,beer
1090,1098,1103,1107,1112,kamen,came
1091,1099,1104,1108,1113,Drei,Three
1092,1100,1105,1109,1114,stolz,proud
1093,1101,1106,1110,1115,Egal,No matter
1094,1102,1107,1111,1116,komisch,funny
1095,1103,1108,1112,1117,bitten,ask
1096,1104,1109,1113,1118,Ihrer,Of their
1097,1105,1110,1114,1119,plötzlich,suddenly
1098,1106,1111,1115,1120,Bring,Bring
1099,1107,1112,1116,1121,Informationen,information
1100,1108,1113,1117,1122,bring,bring
1101,1109,1114,1118,1123,neu,New
1102,1110,1115,1119,1124,glaubt,believes
1103,1111,1116,1120,1125,Seid,Are
1104,1112,1117,1121,1126,hörte,heard
1105,1113,1119,1123,1128,Lage,location
1106,1114,1120,1124,1129,sowieso,anyway
1107,1115,1121,1125,1130,bekommt,gets
1108,1116,1122,1126,1131,Ruf,call
1109,1117,1123,1127,1132,dagegen,on the other hand
1110,1118,1124,1128,1133,Richtung,direction
1111,1119,1125,1129,1134,nötig,necessary
1112,1120,1126,1130,1135,Minute,minute
1113,1121,1127,1131,1136,lesen,read
1114,1122,1128,1132,1137,behalten,to keep
1115,1123,1129,1133,1138,selber,himself
1116,1124,1130,1134,1139,verkaufen,to sell
1117,1125,1131,1135,1140,geschrieben,written
1118,1126,1132,1136,1141,Entscheidung,decision
1119,1127,1133,1137,1142,unterwegs,on road
1120,1128,1134,1138,1143,Insel,island
1121,1129,1135,1139,1144,Hotel,hotel
1122,1130,1136,1140,1145,voller,full of
1123,1131,1137,1141,1146,frage,question
1124,1132,1138,1142,1147,Monat,month
1125,1133,1139,1143,1148,rufe,call
1126,1134,1140,1144,1149,verdient,earned
1127,1135,1141,1145,1150,gearbeitet,worked
1128,1136,1142,1146,1151,wenigstens,at least
1129,1137,1143,1147,1152,wünschte,wish
1130,1138,1144,1148,1153,tu,tu
1131,1139,1145,1149,1154,schöne,lovely
1132,1141,1147,1151,1156,Seele,soul
1133,1142,1148,1152,1157,stand,was standing
1134,1143,1149,1153,1158,Geist,ghost
1135,1144,1150,1154,1159,Gefahr,danger
1136,1145,1151,1155,1160,Gefallen,Like
1137,1146,1152,1156,1161,unmöglich,impossible
1138,1147,1153,1157,1162,gelesen,read
1139,1148,1154,1158,1163,glaub,think
1140,1149,1155,1159,1164,Wegen,Because of
1141,1150,1156,1160,1165,bezahlt,paid
1142,1151,1157,1161,1166,Schicksal,fate
1143,1152,1158,1162,1167,verstehst,understand
1144,1153,1159,1163,1168,leider,Unfortunately
1145,1154,1160,1164,1169,Monaten,months
1146,1155,1161,1165,1170,Weile,while
1147,1156,1162,1166,1171,verheiratet,married
1148,1157,1163,1167,1172,mussten,had
1149,1158,1164,1168,1173,Agent,agent
1150,1159,1165,1169,1174,rufen,call
1151,1160,1166,1170,1175,jemandem,somebody
1152,1161,1167,1172,1177,Beispiel,example
1153,1162,1168,1173,1178,kalt,cold
1154,1163,1169,1174,1179,sitzt,seated
1155,1164,1170,1175,1180,Anruf,Call
1156,1165,1171,1176,1181,Sekunde,second
1157,1166,1172,1177,1182,schneller,more quickly
1158,1167,1173,1178,1183,hey,hey
1159,1168,1174,1179,1184,verdammte,damned
1160,1169,1175,1180,1185,euer,your
1161,1170,1176,1181,1186,hole,get
1162,1171,1177,1182,1187,Denkst,think
1163,1172,1178,1183,1188,Bauer,Farmer
1164,1173,1179,1184,1189,Karte,map
1165,1174,1180,1185,1190,aller,all
1166,1175,1181,1186,1191,du's,du's
1167,1176,1182,1187,1192,Befehl,command
1168,1177,1183,1188,1193,darfst,allowed to
1169,1178,1184,1189,1194,bekannt,known
1170,1179,1185,1190,1195,Opfer,Victim
1171,1180,1186,1191,1196,unglaublich,incredible
1172,1181,1187,1192,1197,steckt,plugged
1173,1182,1188,1193,1198,Ernst,serious
1174,1183,1189,1194,1199,unbedingt,absolutely
1175,1184,1190,1195,1200,Wen,Whom
1176,1185,1191,1196,1201,Zug,train
1177,1186,1192,1197,1202,perfekt,Perfect
1178,1187,1193,1198,1203,witzig,funny
1179,1188,1194,1199,1204,Amerika,America
1180,1189,1195,1200,1205,Keiner,none
1181,1190,1196,1201,1206,Kamera,camera
1182,1191,1197,1202,1207,führt,leads
1183,1192,1198,1203,1208,passt,fit
1184,1193,1199,1204,1209,schlagen,beat
1185,1194,1200,1205,1210,kriegt,gets
1186,1195,1201,1206,1211,Glauben,Believe
1187,1196,1202,1207,1212,sieh,look
1188,1197,1203,1208,1213,nennt,is called
1189,1198,1204,1209,1214,bin's,bin's
1190,1199,1205,1210,1215,Gefühle,feelings
1191,1200,1206,1211,1216,ständig,constantly
1192,1201,1207,1212,1217,verändert,changed
1193,1202,1208,1213,1218,tolle,amazing
1194,1203,1209,1214,1219,Gottes,God
1195,1204,1210,1215,1220,heiß,hot
1196,1205,1211,1216,1221,Partner,partner
1197,1206,1212,1217,1222,Mörder,killer
1198,1207,1213,1218,1223,folgen,consequences
1199,1208,1214,1219,1224,Mich,Me
1200,1209,1215,1220,1225,Computer,computer
1201,1210,1216,1221,1226,dahin,then
1202,1211,1217,1222,1227,ansehen,look at
1203,1212,1218,1223,1228,Außerdem,also
1204,1213,1219,1224,1229,Wovon,About what
1205,1214,1220,1225,1230,nimm,take
1206,1215,1221,1226,1231,klein,small
1207,1216,1222,1227,1232,zerstört,destroyed
1208,1217,1223,1228,1233,suche,search
1209,1218,1224,1229,1234,I,I
1210,1219,1225,1230,1235,nämlich,namely
1211,1220,1226,1231,1236,Versuch,attempt
1212,1221,1227,1232,1237,schlimmer,worse
1213,1222,1228,1233,1238,Sheriff,sheriff
1214,1223,1229,1234,1239,Unfall,accident
1215,1224,1230,1235,1240,müsste,should
1216,1225,1231,1236,1241,entschuldigen,to apologize
1217,1226,1232,1237,1242,Vorsicht,Attention
1218,1227,1233,1238,1243,Nase,nose
1219,1228,1234,1239,1244,sowas,like this
1220,1229,1235,1240,1245,schießen,shoot
1221,1230,1236,1241,1246,alter,Age
1222,1231,1237,1242,1247,Geburtstag,birthday
1223,1232,1238,1243,1248,beschützen,to protect
1224,1233,1239,1244,1249,Zurück,Back
1225,1234,1240,1245,1250,müde,tired
1226,1235,1241,1246,1251,Beziehung,relationship
1227,1236,1242,1247,1252,gestohlen,stolen
1228,1237,1243,1248,1253,stirbt,dies
1229,1238,1244,1249,1254,Geheimnis,secret
1230,1239,1245,1250,1255,süß,sweet
1231,1240,1246,1251,1256,offen,open
1232,1241,1247,1252,1257,Ihrem,your
1233,1242,1248,1253,1258,Geschenk,gift
1234,1243,1249,1254,1259,Punkt,Point
1235,1244,1250,1255,1260,Über,over
1236,1245,1251,1256,1261,hilft,help
1237,1246,1252,1257,1262,Dame,lady
1238,1247,1253,1258,1263,bewegen,move
1239,1248,1254,1259,1264,solange,as long as
1240,1249,1255,1260,1265,sauer,angry
1241,1250,1256,1261,1266,Tasche,bag
1242,1251,1257,1262,1267,Schritt,step
1243,1252,1258,1263,1268,Sie's,she's
1244,1253,1259,1264,1269,Setz,Sit
1245,1254,1260,1265,1270,Arm,poor
1246,1255,1261,1266,1271,meinte,said
1247,1256,1262,1267,1272,müsst,need
1248,1257,1263,1268,1273,erwischt,Caught
1249,1258,1264,1269,1274,gehabt,had
1250,1259,1265,1270,1275,Bart,beard
1251,1261,1267,1272,1277,erreichen,to reach
1252,1262,1268,1273,1278,wär,would
1253,1263,1269,1274,1279,Gebäude,building
1254,1264,1270,1275,1280,Ähm,Um
1255,1265,1271,1276,1281,versprochen,promised
1256,1266,1272,1277,1282,O,O
1257,1267,1273,1278,1283,fort,on
1258,1268,1274,1279,1284,erledigt,done
1259,1269,1275,1280,1285,Armee,army
1260,1270,1276,1281,1286,nahm,took
1261,1271,1277,1282,1287,näher,closer
1262,1272,1278,1283,1288,weitere,Further
1263,1273,1279,1284,1289,Will,Want
1264,1274,1280,1285,1290,Rücken,move
1265,1275,1281,1286,1291,Chef,boss
1266,1276,1282,1287,1292,Regierung,government
1267,1277,1283,1288,1293,Preis,price
1268,1278,1284,1289,1294,Hm,Hm
1269,1279,1285,1290,1295,Wunder,wonder
1270,1280,1286,1291,1296,Verbindung,connection
1271,1281,1287,1292,1297,Bescheid,decision
1272,1282,1288,1293,1298,Boot,boat
1273,1283,1289,1294,1299,Situation,situation
1274,1284,1290,1295,1300,normal,normal
1275,1285,1291,1296,1301,erledigen,take care of
1276,1286,1292,1297,1302,mußt,must
1277,1287,1293,1298,1303,Ehre,honor
1278,1288,1294,1299,1304,Planeten,planet
1279,1289,1295,1300,1305,fürs,for
1280,1290,1296,1301,1306,darin,in this
1281,1291,1297,1302,1307,kriegst,get
1282,1292,1298,1303,1308,ich's,I ... it
1283,1293,1299,1304,1309,drehen,rotate
1284,1294,1300,1305,1310,Denk,thinking
1285,1295,1301,1306,1311,Prinzessin,princess
1286,1296,1302,1307,1312,Drogen,drugs
1287,1297,1303,1308,1313,Reise,travel
1288,1298,1304,1309,1314,Mord,murder
1289,1299,1305,1310,1315,Ob,If
1290,1300,1306,1311,1316,Toll,Great
1291,1301,1307,1312,1317,schwöre,swear
1292,1302,1308,1313,1318,Zeiten,times
1293,1303,1309,1314,1319,Schlampe,slut
1294,1304,1310,1315,1320,Regeln,regulate
1295,1305,1311,1316,1321,aussehen,look
1296,1306,1312,1317,1322,Rede,speech
1297,1307,1313,1318,1323,verliebt,in love
1298,1308,1314,1319,1324,Position,position
1299,1309,1315,1320,1325,redet,talks
1300,1310,1316,1321,1326,Scheisse,Fuck
1301,1311,1317,1322,1327,Möglichkeit,possibility
1302,1312,1318,1323,1328,Sonne,Sun
1303,1313,1319,1324,1329,hol,hol
1304,1314,1320,1325,1330,letzter,last
1305,1315,1321,1326,1331,Kontakt,Contact
1306,1316,1322,1327,1332,Könnte,Could
1307,1317,1323,1328,1333,Damen,Ladies
1308,1318,1324,1329,1334,deswegen,therefore
1309,1319,1325,1330,1335,ähm,um
1310,1320,1326,1331,1336,gekauft,Bought
1311,1321,1327,1332,1337,Schwert,sword
1312,1322,1328,1333,1338,Hunger,hunger
1313,1323,1329,1334,1339,Frieden,peace
1314,1324,1330,1335,1340,persönlich,personally
1315,1325,1331,1336,1341,Blick,view
1316,1326,1332,1337,1342,Einzige,Only one
1317,1327,1333,1338,1343,Nachrichten,news
1318,1328,1334,1339,1344,Maul,mouth
1319,1329,1335,1340,1345,verraten,betray
1320,1330,1336,1341,1346,Hoffnung,hope
1321,1331,1337,1342,1347,geboren,born
1322,1332,1338,1343,1348,Untertitel,subtitle
1323,1333,1339,1345,1350,Soldaten,soldiers
1324,1334,1340,1346,1351,eigene,own
1325,1335,1341,1347,1352,ans,ans
1326,1336,1342,1348,1353,übrig,left
1327,1337,1343,1349,1354,Muss,Got to
1328,1338,1344,1350,1355,hältst,hold
1329,1339,1345,1351,1356,aufhalten,stop
1330,1340,1346,1352,1357,Zeichen,character
1331,1341,1347,1353,1358,Sofort,Right away
1332,1342,1348,1354,1359,dauert,lasts
1333,1343,1349,1355,1360,versteckt,hidden
1334,1344,1350,1356,1361,tatsächlich,indeed
1335,1345,1351,1357,1362,Schwein,pig
1336,1346,1352,1358,1363,Band,tape
1337,1347,1353,1359,1364,Laß,Let
1338,1348,1354,1360,1365,Haare,hair
1339,1349,1355,1361,1366,wütend,angry
1340,1350,1356,1362,1367,Hochzeit,wedding
1341,1351,1357,1363,1368,schrecklich,dreadful
1342,1352,1358,1364,1369,fühlt,feels
1343,1353,1359,1365,1370,Energie,energy
1344,1354,1360,1366,1371,traurig,Sad
1345,1355,1361,1367,1372,sauber,clean
1346,1356,1362,1368,1373,Leiche,corpse
1347,1357,1363,1369,1374,links,Left
1348,1358,1364,1370,1375,Kleine,little one
1349,1359,1365,1371,1376,super,Super
1350,1360,1366,1372,1377,Bord,shelf
1351,1361,1367,1373,1378,möchten,want
1352,1362,1368,1374,1379,Erst,First
1353,1363,1369,1375,1380,magst,like
1354,1364,1370,1376,1381,fangen,to catch
1355,1365,1371,1377,1382,gesucht,searched
1356,1366,1372,1378,1383,beschäftigt,employed
1357,1367,1373,1379,1384,wisst,know
1358,1368,1374,1380,1385,weisst,know
1359,1369,1375,1381,1386,Wartet,waits
1360,1370,1376,1382,1387,erwarten,expect
1361,1371,1377,1383,1388,verschwunden,disappeared
1362,1372,1378,1384,1389,Professor,professor
1363,1373,1379,1385,1390,sobald,as soon as
1364,1374,1380,1386,1391,geredet,spake
1365,1375,1381,1387,1392,Brief,letter
1366,1376,1382,1388,1393,acht,eight
1367,1377,1383,1389,1394,Lauf,run
1368,1378,1384,1390,1395,zeigt,shows
1369,1379,1385,1391,1396,Show,show
1370,1380,1386,1392,1397,hübsch,pretty
1371,1381,1387,1393,1398,sucht,investigated
1372,1382,1388,1394,1399,verkauft,sold
1373,1383,1389,1395,1400,sagtest,told
1374,1384,1390,1396,1401,namens,called
1375,1385,1391,1397,1402,Fernsehen,watch TV
1376,1386,1392,1398,1404,Hol,Get
1377,1387,1393,1399,1405,ließ,was
1378,1388,1394,1400,1406,heiße,name is
1379,1389,1395,1401,1407,fährt,moves
1380,1390,1396,1402,1408,tanzen,to dance
1381,1391,1397,1403,1409,nervös,nervous
1382,1392,1398,1404,1410,findest,find
1383,1393,1399,1405,1411,gegessen,eaten
1384,1394,1400,1406,1412,fehlt,is missing
1385,1395,1401,1407,1413,Vergangenheit,past
1386,1396,1402,1408,1414,miteinander,together
1387,1397,1403,1409,1415,deines,yours
1388,1398,1404,1410,1416,neben,Next
1389,1399,1405,1411,1417,Handy,mobile
1390,1400,1406,1412,1418,anderer,another
1391,1401,1407,1413,1419,tief,deep
1392,1402,1408,1414,1420,ran,ran
1393,1403,1409,1415,1421,Runter,down
1394,1404,1410,1416,1422,Aufgabe,task
1395,1405,1411,1417,1423,richtigen,right
1396,1406,1412,1418,1424,Foto,photo
1397,1407,1413,1419,1425,schau,show
1398,1408,1414,1420,1426,verdammten,damned
1399,1409,1415,1421,1427,Tee,tea
1400,1410,1416,1422,1428,sieben,seven
1401,1411,1417,1423,1429,Fuß,foot
1402,1412,1418,1424,1430,geschlafen,slept
1403,1413,1419,1425,1431,brauch,custom
1404,1414,1420,1426,1432,Kindern,children
1405,1415,1421,1427,1433,Beine,legs
1406,1416,1422,1428,1434,ewig,forever
1407,1417,1423,1429,1435,absolut,absolutely
1408,1418,1424,1430,1436,hm,Hm
1409,1419,1425,1431,1437,schlechte,bad
1410,1420,1426,1432,1438,Unsinn,nonsense
1411,1421,1427,1433,1439,ruf,call
1412,1422,1428,1434,1440,Treffen,To meet
1413,1423,1429,1435,1441,irgendetwas,anything
1414,1424,1430,1436,1443,Bombe,bomb
1415,1425,1431,1437,1444,bekam,got
1416,1426,1432,1438,1445,Herrn,Mr
1417,1427,1433,1439,1446,Halten,Hold
1418,1428,1434,1440,1447,gelassen,calmly
1419,1429,1435,1441,1448,Tante,aunt
1420,1430,1436,1442,1449,angefangen,started
1421,1431,1437,1443,1450,Hals,neck
1422,1432,1438,1444,1451,vorne,ahead
1423,1433,1439,1445,1452,Bullen,cops
1424,1434,1440,1446,1453,Bank,Bank
1425,1435,1441,1447,1454,Weise,wise
1426,1436,1442,1448,1455,verantwortlich,responsible
1427,1437,1443,1449,1456,öffnen,to open
1428,1438,1444,1450,1457,schwierig,difficult
1429,1439,1445,1451,1458,seh,seh
1430,1440,1446,1452,1459,bleibe,stay
1431,1441,1447,1453,1460,rechts,right
1432,1442,1448,1454,1461,Operation,surgery
1433,1443,1449,1455,1462,Sollen,Should
1434,1444,1450,1456,1463,Anwalt,lawyer
1435,1445,1451,1457,1464,verspreche,promise
1436,1446,1452,1458,1465,bleibst,stay
1437,1447,1453,1459,1466,a,a
1438,1448,1454,1460,1467,Glückwunsch,congratulation
1439,1449,1455,1461,1468,entscheiden,decide
1440,1450,1456,1462,1469,entfernt,away
1441,1451,1457,1463,1470,brachte,brought
1442,1452,1458,1464,1471,zerstören,to destroy
1443,1453,1459,1465,1472,Wahrscheinlich,Probably
1444,1454,1460,1466,1473,Lied,song
1445,1455,1461,1467,1474,gespielt,played
1446,1456,1462,1468,1475,aussieht,looks
1447,1457,1463,1469,1476,Tun,To do
1448,1458,1464,1470,1477,Lust,lust
1449,1459,1465,1471,1478,Vaters,father
1450,1460,1466,1472,1479,Uh,Uh
1451,1461,1467,1473,1480,Meinst,mean
1452,1462,1468,1474,1481,Bilder,images
1453,1463,1469,1475,1482,uh,uh
1454,1464,1470,1476,1483,kriege,wars
1455,1465,1471,1477,1484,Feind,enemy
1456,1466,1472,1478,1485,Händen,hands
1457,1467,1473,1479,1486,jung,young
1458,1468,1474,1480,1487,Ball,ball
1459,1469,1475,1481,1488,stecken,stick
1460,1470,1476,1482,1489,Sobald,As soon as
1461,1471,1477,1483,1490,Reden,Talk
1462,1472,1478,1484,1491,geholfen,helped
1463,1473,1479,1485,1492,gleichen,equal
1464,1474,1480,1486,1493,gehören,belong
1465,1475,1481,1487,1494,wach,awake
1466,1476,1482,1488,1495,genannt,called
1467,1477,1483,1489,1496,zahlen,numbers
1468,1478,1484,1490,1497,nahe,Near
1469,1479,1485,1491,1498,Aufnahme,admission
1470,1480,1486,1492,1499,Achtung,Danger
1471,1481,1487,1493,1500,gleiche,same
1472,1482,1488,1494,1501,Viele,Lots
1473,1483,1489,1495,1502,Mission,mission
1474,1484,1490,1496,1503,bekomme,get
1475,1485,1491,1497,1504,laut,according to
1476,1486,1492,1498,1505,Schmerz,pain
1477,1487,1493,1499,1506,Ehrlich,Honest
1478,1488,1494,1500,1507,Schlag,blow
1479,1489,1495,1501,1508,Jawohl,Yes sir
1480,1490,1496,1502,1509,Fleisch,flesh
1481,1491,1497,1503,1510,legen,lay
1482,1492,1498,1504,1511,möchtest,want
1483,1493,1499,1505,1512,Verstehst,understand
1484,1494,1500,1506,1513,Wozu,What for
1485,1495,1501,1507,1514,Weihnachten,Christmas
1486,1496,1502,1508,1515,Erinnerst,remember
1487,1497,1503,1509,1516,Zieh,pull
1488,1498,1504,1510,1517,Schwierigkeiten,difficulties
1489,1499,1505,1511,1519,Durch,By
1490,1500,1506,1512,1520,Bleiben,Stay
1491,1501,1507,1513,1521,wussten,knew
1492,1502,1508,1514,1522,meint,means
1493,1503,1509,1515,1523,Gesellschaft,society
1494,1504,1510,1516,1524,gebeten,asked
1495,1505,1511,1517,1525,erhalten,receive
1496,1506,1512,1518,1526,bedeuten,mean
1497,1507,1513,1519,1527,Kennst,know Greek
1498,1508,1514,1520,1528,verstecken,hide
1499,1509,1515,1521,1529,Respekt,respect
1500,1510,1516,1522,1530,dasselbe,the same thing
1501,1511,1517,1523,1531,Gehirn,brain
1502,1512,1518,1524,1532,entschieden,decided
1503,1513,1519,1525,1533,zieht,attracts
1504,1514,1520,1526,1534,liebst,love
1505,1515,1521,1527,1535,dachten,thought
1506,1516,1522,1528,1536,Witze,joking
1507,1517,1523,1529,1537,na,n / A
1508,1518,1524,1530,1538,sorgen,to care
1509,1519,1525,1531,1539,All,Alles
1510,1520,1526,1532,1540,Volk,people
1511,1521,1527,1533,1541,Rat,advice
1512,1522,1528,1534,1542,lebe,live
1513,1523,1529,1535,1543,Präsidenten,President
1514,1524,1530,1536,1544,Schuhe,Shoes
1515,1525,1531,1537,1545,Monster,monster
1516,1526,1532,1538,1546,dauern,last
1517,1527,1533,1539,1547,Beweise,proofs
1518,1528,1534,1540,1548,Hälfte,half
1519,1529,1535,1541,1549,schauen,watch
1520,1530,1536,1542,1550,Kirche,church
1521,1531,1537,1543,1551,Eines,One
1522,1532,1538,1544,1552,Hintern,butt
1523,1533,1539,1545,1553,Spur,track
1524,1534,1540,1546,1554,Lehrer,Teacher
1525,1535,1541,1547,1555,Hilf,Help
1526,1536,1542,1548,1556,Gold,gold
1527,1537,1543,1549,1557,Denken,Think
1528,1538,1544,1550,1558,lieb,dear
1529,1539,1545,1551,1559,wunderbar,wonderful
1530,1540,1546,1552,1560,Güte,quality
1531,1541,1547,1553,1561,lasst,leaves
1532,1542,1548,1554,1562,geliebt,loved
1533,1543,1549,1555,1563,fahre,ride
1534,1544,1550,1556,1564,Loch,hole
1535,1545,1551,1557,1565,geschlagen,beaten
1536,1546,1552,1558,1566,ganzes,whole
1537,1547,1553,1559,1567,wunderschön,beautiful
1538,1548,1554,1560,1568,lachen,laugh
1539,1549,1555,1561,1569,beweisen,to prove
1540,1550,1556,1562,1570,Zeig,show
1541,1551,1557,1563,1571,Kleiner,Smaller
1542,1552,1558,1564,1572,gegenüber,across from
1543,1553,1559,1565,1573,Bus,bus
1544,1554,1560,1566,1574,großes,great
1545,1555,1561,1567,1575,Verstand,understanding
1546,1557,1563,1569,1577,herausfinden,find out
1547,1558,1564,1570,1578,gewartet,waited
1548,1559,1565,1571,1579,niemandem,no one
1549,1560,1566,1572,1580,Gegend,area
1550,1561,1567,1573,1581,Bevor,Before
1551,1562,1568,1574,1582,schönen,beautiful
1552,1563,1569,1575,1583,seltsam,strange
1553,1564,1570,1576,1584,bewegt,emotional
1554,1565,1571,1577,1585,Haut,skin
1555,1566,1572,1578,1586,Fotos,photos
1556,1567,1573,1579,1587,nah,close
1557,1568,1574,1580,1588,Angriff,attack
1558,1569,1575,1581,1589,Erzähl,Tell
1559,1570,1576,1582,1590,interessant,Interesting
1560,1571,1577,1583,1591,Schlaf,sleep
1561,1572,1578,1584,1592,Wind,wind
1562,1573,1579,1585,1593,Messer,knife
1563,1574,1580,1586,1594,lag,was
1564,1575,1581,1587,1595,fürchte,fear
1565,1576,1582,1588,1596,beginnt,starts
1566,1577,1583,1589,1597,Weiter,Further
1567,1578,1584,1590,1598,überrascht,surprised
1568,1579,1585,1591,1599,Stell,parking
1569,1580,1586,1592,1600,gefangen,captured
1570,1581,1587,1593,1601,bleib,permanent
1571,1582,1588,1594,1602,Bein,leg
1572,1583,1589,1595,1603,Eier,eggs
1573,1584,1590,1596,1604,singen,to sing
1574,1585,1591,1597,1605,seht,look
1575,1586,1592,1598,1606,Überraschung,surprise
1576,1587,1593,1599,1607,Dorf,Village
1577,1588,1594,1600,1608,besorgen,to get
1578,1589,1595,1601,1609,Glas,Glass
1579,1590,1596,1602,1610,Fünf,five
1580,1591,1597,1603,1611,Einfach,Easy
1581,1592,1598,1604,1612,besuchen,visit
1582,1593,1599,1605,1613,geändert,changed
1583,1594,1600,1606,1614,beginnen,start
1584,1595,1601,1607,1615,echte,real
1585,1596,1602,1608,1616,Pferd,horse
1586,1597,1603,1609,1617,Held,hero
1587,1598,1604,1610,1618,Taxi,taxi
1588,1599,1605,1611,1619,Freunden,friends
1589,1600,1606,1612,1620,mitnehmen,take
1590,1601,1607,1613,1621,Gruppe,group
1591,1602,1608,1614,1622,Sorry,Sorry
1592,1603,1609,1615,1623,besorgt,concerned
1593,1604,1610,1616,1624,System,system
1594,1605,1611,1617,1625,Gleich,Equal
1595,1606,1612,1618,1626,Würde,Would
1596,1607,1613,1619,1627,ruft,calls
1597,1608,1614,1620,1628,Fahren,Drive
1598,1609,1615,1621,1629,Steh,standing
1599,1610,1616,1622,1630,nimmst,take
1600,1611,1617,1623,1631,Obwohl,Although
1601,1612,1618,1624,1632,Bringt,bring
1602,1613,1619,1625,1633,falschen,false
1603,1614,1620,1626,1634,leisten,Afford
1604,1615,1621,1627,1635,schwanger,pregnant
1605,1616,1622,1628,1636,Fahr,driving
1606,1617,1623,1629,1637,Adresse,address
1607,1618,1624,1630,1638,gemeinsam,together
1608,1619,1625,1631,1639,entkommen,escape
1609,1620,1626,1632,1640,übel,evil
1610,1621,1627,1633,1641,vermisst,missing
1611,1622,1628,1634,1642,Lady,lady
1612,1623,1629,1635,1643,Küche,kitchen
1613,1624,1630,1636,1644,Flug,flight
1614,1625,1631,1637,1645,Besuch,visit
1615,1626,1632,1638,1646,hängt,hangs
1616,1627,1633,1639,1647,werfen,throw
1617,1628,1634,1640,1648,falsche,false
1618,1629,1635,1641,1649,Sogar,Even
1619,1630,1636,1642,1650,Ring,ring
1620,1631,1637,1643,1651,Verschwinde,Get lost
1621,1632,1638,1644,1652,überleben,to survive
1622,1633,1639,1645,1653,Gesetz,law
1623,1634,1640,1646,1654,Tor,goal
1624,1635,1641,1647,1655,Wald,Forest
1625,1636,1642,1648,1656,ungefähr,approximately
1626,1637,1643,1649,1657,Patienten,patients
1627,1638,1644,1650,1658,Maschine,machine
1628,1639,1645,1651,1659,Könnten,could
1629,1640,1646,1652,1660,junge,Boy
1630,1641,1647,1653,1661,Fräulein,young lady
1631,1642,1648,1654,1662,gehts,you go
1632,1643,1649,1655,1663,Ehe,marriage
1633,1644,1650,1656,1664,Würden,would
1634,1645,1651,1657,1665,Schauspieler,actor
1635,1646,1652,1658,1666,Dach,"top, roof"
1636,1647,1653,1659,1667,Übersetzung,translation
1637,1648,1654,1660,1668,kannte,knew
1638,1649,1655,1661,1669,Bringen,bring
1639,1650,1656,1662,1670,wir's,we s
1640,1651,1657,1663,1671,drinnen,indoors
1641,1652,1659,1665,1673,Während,While
1642,1653,1660,1666,1674,Tat,did
1643,1654,1661,1667,1675,Suche,search
1644,1655,1662,1668,1676,Letzte,Latest
1645,1656,1663,1669,1677,blöd,stupid
1646,1657,1664,1670,1678,Blumen,flowers
1647,1658,1665,1671,1679,Setzen,Put
1648,1659,1666,1672,1680,Freiheit,freedom
1649,1660,1667,1673,1681,seines,his
1650,1661,1668,1674,1682,Ecke,corner
1651,1662,1669,1675,1683,Wäre,Would
1652,1663,1670,1676,1684,Knast,slammer
1653,1664,1671,1677,1685,Karten,cards
1654,1665,1672,1678,1686,pro,Per
1655,1666,1673,1679,1687,Leg,Leg
1656,1667,1674,1680,1688,helfe,help
1657,1668,1675,1681,1689,oh,Oh
1658,1669,1676,1682,1690,Wein,Wine
1659,1670,1677,1683,1691,wette,bet
1660,1671,1678,1684,1692,Vergnügen,pleasure
1661,1672,1679,1685,1693,Uns,Us
1662,1673,1680,1686,1694,Unterschied,difference
1663,1674,1681,1687,1695,Lieber,rather
1664,1675,1682,1688,1696,Verbrechen,crime
1665,1676,1683,1689,1697,gibst,give
1666,1677,1684,1690,1698,Vertrauen,trust
1667,1678,1685,1691,1699,gesund,healthy
1668,1679,1686,1692,1700,Deswegen,therefore
1669,1680,1687,1693,1701,zweite,second
1670,1681,1688,1694,1702,Hörst,hear
1671,1682,1689,1695,1703,erkennen,detect
1672,1683,1690,1696,1704,Meter,meter
1673,1684,1691,1697,1705,euren,your
1674,1685,1692,1698,1706,weder,neither
1675,1686,1693,1699,1707,Schüler,student
1676,1687,1694,1700,1708,obwohl,although
1677,1688,1695,1701,1709,bisher,so far
1678,1689,1696,1702,1710,welcher,which one
1679,1690,1697,1703,1711,Mut,courage
1680,1691,1698,1704,1712,davor,before
1681,1692,1699,1705,1713,Bar,bar
1682,1693,1700,1706,1714,wohnen,live
1683,1694,1701,1707,1715,Dem,the
1684,1695,1702,1708,1716,Echt,Really
1685,1696,1703,1709,1717,statt,instead of
1686,1697,1704,1710,1718,Pause,Break
1687,1698,1705,1711,1719,Neues,New
1688,1699,1706,1712,1720,Auftrag,assignment
1689,1700,1707,1713,1721,Hoffentlich,Hopefully
1690,1701,1708,1714,1722,Tschüss,bye
1691,1702,1709,1715,1723,Wand,wall
1692,1703,1710,1716,1724,schreit,cries
1693,1704,1711,1717,1725,Männern,men
1694,1705,1712,1718,1726,Kennen,Know
1695,1706,1713,1719,1727,spreche,speak
1696,1707,1714,1720,1728,kostet,costs
1697,1708,1715,1721,1729,Zuerst,First
1698,1709,1716,1722,1730,Erfolg,success
1699,1710,1717,1723,1731,Wofür,For what
1700,1711,1718,1724,1732,soweit,so far
1701,1712,1719,1725,1733,Möchtest,want
1702,1713,1720,1726,1734,Meinen,Mean
1703,1714,1721,1727,1735,teilen,share
1704,1715,1722,1728,1736,erschossen,shot
1705,1716,1723,1729,1737,entlang,along
1706,1717,1724,1730,1738,Eis,ice
1707,1718,1725,1731,1739,nem,nEM
1708,1719,1726,1732,1740,Amerikaner,American
1709,1720,1727,1733,1741,Abendessen,dinner
1710,1721,1728,1734,1742,Mistkerl,dirty swine
1711,1722,1729,1735,1743,übernehmen,take
1712,1723,1730,1736,1744,Irgendwas,Anything
1713,1724,1731,1737,1745,danken,to thank
1714,1725,1732,1738,1746,irgendwann,Sometime
1715,1726,1733,1739,1747,gebaut,built
1716,1727,1734,1740,1748,schützen,protect
1717,1728,1735,1741,1749,beenden,break up
1718,1729,1736,1742,1750,Super,Super
1719,1730,1737,1743,1751,Polizist,police officer
1720,1731,1738,1744,1752,gefahren,hazards
1721,1732,1739,1745,1753,Bericht,report
1722,1733,1740,1746,1754,wovon,About what
1723,1734,1741,1747,1755,Test,test
1724,1735,1742,1748,1756,Monsieur,Monsieur
1725,1736,1743,1749,1757,Arme,poor
1726,1737,1744,1750,1758,wüsste,know
1727,1738,1745,1751,1759,woher,where from
1728,1739,1746,1752,1760,Majestät,majesty
1729,1740,1747,1753,1761,Fertig,Finished
1730,1741,1748,1754,1762,versteht,understood
1731,1742,1749,1755,1763,trifft,meets
1732,1743,1750,1756,1764,Meer,sea
1733,1744,1751,1757,1765,Hut,cap
1734,1745,1752,1758,1766,zuvor,before
1735,1746,1753,1759,1767,lief,ran
1736,1747,1754,1760,1768,Haltet,keep
1737,1749,1756,1762,1770,Mami,mommy
1738,1750,1757,1763,1771,schuldig,guilty
1739,1751,1758,1764,1772,bauen,to build
1740,1752,1759,1765,1773,Freude,joy
1741,1753,1760,1766,1774,zufrieden,satisfied
1742,1754,1761,1767,1775,Zuhause,At home
1743,1755,1762,1768,1776,versuchte,tried
1744,1756,1763,1769,1777,Drink,drink
1745,1757,1764,1770,1778,Niemals,No way
1746,1758,1765,1771,1779,sprach,spoke
1747,1759,1766,1772,1780,indem,by doing
1748,1760,1767,1773,1781,gemeint,meant
1749,1761,1768,1774,1782,fühlst,feel
1750,1762,1769,1775,1783,deren,their
1751,1763,1770,1776,1784,Quatsch,nonsense
1752,1764,1771,1777,1785,Kugel,Bullet
1753,1765,1772,1778,1786,Klingt,sounds
1754,1766,1773,1779,1787,hielt,held
1755,1767,1774,1780,1788,Gericht,dish
1756,1768,1775,1781,1789,furchtbar,awful
1757,1769,1776,1782,1790,Würdest,would
1758,1770,1777,1783,1791,Wirst,will
1759,1771,1778,1784,1792,verpasst,lost
1760,1772,1779,1785,1793,Ohren,ears
1761,1773,1780,1786,1794,Rose,rose
1762,1774,1781,1787,1795,neuer,new
1763,1775,1782,1788,1796,fanden,found
1764,1776,1783,1789,1797,Haufen,heap
1765,1777,1784,1790,1798,Drehbuch,script
1766,1778,1785,1791,1799,Gutes,good
1767,1779,1786,1792,1800,Schätzchen,baby
1768,1780,1787,1793,1801,Deal,deal
1769,1781,1788,1794,1802,Ma'am,ma'am
1770,1782,1789,1795,1803,Haar,hair
1771,1783,1790,1796,1804,stehe,am
1772,1784,1791,1797,1805,fassen,take
1773,1785,1792,1798,1806,Ehemann,husband
1774,1786,1793,1799,1807,funktionieren,function
1775,1787,1794,1800,1808,fragte,asked
1776,1788,1795,1801,1809,verhaftet,arrested
1777,1789,1796,1802,1810,drüber,about it
1778,1790,1797,1803,1811,Sergeant,sergeant
1779,1791,1798,1804,1812,stimmt's,right
1780,1792,1799,1805,1813,Verantwortung,responsibility
1781,1793,1800,1806,1814,Major,major
1782,1794,1801,1807,1815,feiern,to celebrate
1783,1795,1802,1808,1816,Bücher,Books
1784,1796,1803,1809,1817,kümmere,take care
1785,1797,1804,1810,1818,ähnlich,similar
1786,1798,1805,1811,1819,unterhalten,to chat
1787,1799,1806,1812,1820,Stein,stone
1788,1800,1807,1813,1821,kümmert,takes care
1789,1801,1808,1814,1822,nächstes,next
1790,1802,1809,1815,1823,gewusst,know
1791,1803,1810,1816,1824,Beim,At the
1792,1804,1811,1817,1825,schöner,more beautiful
1793,1805,1812,1818,1826,aufpassen,watch out
1794,1806,1813,1819,1827,Unglaublich,Incredible
1795,1807,1814,1820,1828,Katze,cat
1796,1808,1815,1821,1829,geschieht,happens
1797,1809,1816,1822,1830,Brüder,brothers
1798,1810,1817,1823,1831,mitgebracht,brought
1799,1811,1818,1824,1832,unseres,our
1800,1812,1819,1826,1834,Lord,lord
1801,1813,1820,1827,1835,letztes,last
1802,1814,1821,1828,1836,dessen,whose
1803,1815,1822,1829,1837,Vier,Four
1804,1816,1823,1830,1838,mitten,in the middle
1805,1817,1824,1831,1839,erinnert,remind
1806,1818,1825,1832,1840,Wahnsinn,madness
1807,1819,1826,1833,1841,vorhin,earlier
1808,1820,1827,1834,1842,Neuigkeiten,news
1809,1821,1828,1835,1843,setzt,puts
1810,1822,1829,1836,1844,klasse,class
1811,1823,1830,1837,1845,Einige,Some
1812,1824,1831,1838,1846,zufällig,coincidentally
1813,1825,1832,1839,1847,Kleid,dress
1814,1826,1833,1840,1848,Jedenfalls,In any case
1815,1827,1834,1841,1849,Angebot,offer
1816,1828,1835,1842,1850,erklärt,explained
1817,1829,1836,1843,1851,stellt,provides
1818,1831,1838,1845,1853,Kommst,Will
1819,1832,1839,1846,1854,Zur,to
1820,1833,1840,1847,1855,Serie,series
1821,1834,1841,1848,1856,melden,Report
1822,1835,1842,1849,1857,Brücke,bridge
1823,1836,1843,1850,1858,Erinnerungen,memories
1824,1837,1844,1851,1859,gestellt,posed
1825,1838,1845,1852,1860,Sagt,says
1826,1839,1846,1853,1861,Schmerzen,Pain
1827,1840,1847,1854,1862,besteht,consists
1828,1841,1848,1855,1863,verdienen,to earn
1829,1842,1849,1856,1864,hallo,Hello
1830,1843,1850,1857,1865,offensichtlich,obviously
1831,1844,1851,1858,1866,Fisch,fish
1832,1845,1852,1859,1867,hängen,hang
1833,1846,1853,1860,1868,Gelegenheit,opportunity
1834,1847,1854,1861,1869,Endlich,At last
1835,1848,1855,1862,1870,Möchten,Want
1836,1849,1856,1863,1871,konntest,could
1837,1850,1857,1864,1872,bekommst,get
1838,1851,1858,1865,1873,Idioten,idiots
1839,1852,1859,1866,1874,Virus,virus
1840,1853,1860,1867,1875,größte,greatest
1841,1854,1861,1868,1876,gingen,went
1842,1855,1862,1869,1877,Strand,Beach
1843,1856,1863,1870,1878,geplant,planned
1844,1857,1864,1871,1879,betrunken,drunk
1845,1858,1865,1872,1880,fängt,catches
1846,1859,1866,1873,1881,keinem,any
1847,1860,1867,1874,1882,bringst,bring
1848,1861,1868,1875,1883,Süße,Sweet
1849,1862,1869,1876,1884,irgendwelche,any
1850,1863,1870,1877,1885,Thema,theme
1851,1864,1871,1878,1886,Date,Date
1852,1865,1872,1879,1887,Stellen,Put
1853,1866,1873,1880,1888,machten,made
1854,1867,1874,1881,1889,diesmal,this time
1855,1868,1875,1882,1890,Guck,Look
1856,1869,1876,1883,1891,Figur,figure
1857,1870,1877,1884,1892,Weisst,know
1858,1871,1878,1885,1893,ne,ne
1859,1872,1879,1886,1894,brechen,break
1860,1873,1880,1887,1895,lacht,laughs
1861,1874,1881,1888,1896,Gar,At all
1862,1875,1882,1889,1897,angetan,done
1863,1876,1883,1890,1898,Paar,Pair
1864,1877,1884,1891,1899,Druck,print
1865,1878,1886,1893,1901,reich,rich
1866,1879,1887,1894,1902,Nie,Never
1867,1880,1888,1895,1903,Fluss,flow
1868,1881,1889,1896,1904,wirkt,acts
1869,1882,1890,1897,1905,Werden,Become
1870,1883,1891,1898,1906,traf,hit
1871,1884,1892,1899,1907,schließlich,in the end
1872,1885,1893,1900,1908,Richtige,right one
1873,1886,1894,1901,1909,Gewalt,violence
1874,1887,1895,1902,1910,gelaufen,ran
1875,1888,1896,1903,1911,Daten,Data
1876,1889,1897,1904,1912,Hunde,dogs
1877,1890,1898,1905,1913,Großvater,grandfather
1878,1891,1899,1906,1914,wahre,real
1879,1892,1900,1907,1915,nachgedacht,thought
1880,1893,1901,1908,1916,Falle,Cases
1881,1894,1902,1909,1917,eigenes,own
1882,1895,1903,1910,1918,Gang,gear
1883,1896,1904,1911,1919,sahen,saw
1884,1897,1905,1912,1920,erreicht,reached
1885,1898,1906,1913,1921,Willen,will
1886,1899,1907,1914,1922,solchen,such a
1887,1900,1908,1915,1923,schlechter,worse
1888,1901,1909,1916,1924,einzigen,single
1889,1902,1910,1917,1925,willkommen,welcome
1890,1903,1911,1918,1926,ermordet,murdered
1891,1905,1913,1920,1928,Sollte,Should
1892,1906,1914,1921,1929,ner,ner
1893,1907,1915,1922,1930,längst,a long time ago
1894,1908,1916,1923,1931,Autos,cars
1895,1909,1917,1924,1932,Hätte,Would have
1896,1910,1918,1925,1933,wohnt,lives
1897,1911,1919,1926,1934,krieg,war
1898,1912,1920,1927,1935,fiel,fell
1899,1913,1921,1928,1936,Hose,trousers
1900,1914,1922,1929,1937,leiden,Suffer
1901,1915,1923,1930,1938,Hau,Hau
1902,1916,1924,1931,1939,sprichst,speak
1903,1917,1925,1932,1940,freue,look
1904,1918,1926,1933,1941,Außer,Except
1905,1919,1927,1934,1942,gebrochen,Broken
1906,1920,1928,1935,1943,Baum,tree
1907,1921,1929,1936,1944,gehalten,held
1908,1922,1930,1937,1945,Träume,dreams
1909,1923,1931,1938,1946,Reihe,line
1910,1924,1932,1939,1947,stelle,Job
1911,1925,1933,1940,1948,Medizin,medicine
1912,1926,1934,1941,1949,halb,half
1913,1927,1935,1942,1950,gezeigt,shown
1914,1928,1936,1943,1951,Meilen,miles
1915,1929,1937,1944,1952,Lieutenant,Lieutenant
1916,1930,1938,1945,1953,hieß,was called
1917,1931,1939,1946,1954,Wunsch,wish
1918,1932,1940,1947,1955,erster,first
1919,1933,1941,1948,1956,Befehle,commands
1920,1934,1942,1949,1957,Bastard,bastard
1921,1935,1943,1950,1958,rief,cried
1922,1936,1944,1951,1959,Nachdem,After this
1923,1937,1945,1952,1960,Toten,Kill
1924,1938,1946,1953,1961,Frühstück,breakfast
1925,1939,1947,1954,1962,schaffst,manage
1926,1940,1948,1955,1963,ihres,their
1927,1941,1949,1956,1964,hat's,hath
1928,1942,1950,1957,1965,aufgeben,give up
1929,1943,1951,1958,1966,Gespräch,conversation
1930,1944,1952,1959,1967,Engel,Angel
1931,1945,1953,1960,1968,verbringen,spend
1932,1946,1954,1961,1969,Terroristen,terrorists
1933,1947,1955,1962,1970,Erfahrung,Experience
1934,1948,1956,1963,1971,brauchte,needed
1935,1949,1957,1964,1972,schätzen,estimate
1936,1950,1958,1965,1973,seien,are
1937,1951,1959,1966,1974,Nehmt,take
1938,1953,1961,1968,1976,Vogel,bird
1939,1954,1962,1969,1977,Wochenende,weekend
1940,1955,1963,1970,1978,neun,nine
1941,1956,1964,1971,1979,fantastisch,fantastic
1942,1957,1965,1972,1980,Bleibt,Remains
1943,1958,1966,1973,1981,zweiten,second
1944,1959,1967,1974,1982,vollkommen,completely
1945,1960,1968,1975,1983,Unter,Under
1946,1961,1969,1976,1984,verfolgen,follow
1947,1962,1970,1977,1985,schläft,is sleeping
1948,1963,1971,1978,1986,bemerkt,noticed
1949,1964,1972,1979,1987,Marge,margin
1950,1965,1973,1980,1988,Erste,First
1951,1966,1974,1981,1989,erinnerst,remember
1952,1967,1975,1982,1990,Deinen,your
1953,1968,1976,1983,1991,Wichser,wanker
1954,1969,1977,1984,1992,Signal,signal
1955,1970,1978,1985,1993,Wollt,Want
1956,1971,1979,1986,1994,Wieder,Again
1957,1972,1980,1987,1995,schließen,shut down
1958,1973,1981,1988,1996,Pistole,pistol
1959,1974,1982,1989,1997,lächerlich,ridiculous
1960,1975,1983,1990,1998,Filme,Movies
